cue_id,outcome,reason,matched_phrase,detection_timestamp_ms,confidence,match_method,similarity_score
workflow.self_introduction,pass,on-time firing within tolerance and confidence floor,welcome to,20340,,exact,
honda.feature.honda_sensing,pass,on-time firing within tolerance and confidence floor,Honda Sensing,108540,,exact,
universal.feature.led_headlights,pass,on-time firing within tolerance and confidence floor,LED lights,1328760,,exact,
workflow.exterior_focus,pass,on-time firing within tolerance and confidence floor,exterior,146160,,exact,
workflow.interior_focus,pass,on-time firing within tolerance and confidence floor,inside,501780,,exact,
workflow.buyers_order_confirmation,pass,on-time firing within tolerance and confidence floor,we're good to go,521700,,exact,
honda.feature.honda_sensing,pass,on-time firing within tolerance and confidence floor,Honda Sensing,108540,,exact,
honda.feature.paddle-shifters,pass,on-time firing within tolerance and confidence floor,Paddle Shifters,676320,,exact,
workflow.front_line_ready,pass,on-time firing within tolerance and confidence floor,full tank,735420,,exact,
workflow.interior_focus,pass,on-time firing within tolerance and confidence floor,inside,501780,,exact,
universal.feature.wireless_apple_carplay,pass,on-time firing within tolerance and confidence floor,Apple CarPlay,1034640,,exact,
universal.feature.wireless_android_auto,fail,cue did not fire,,,,,
honda.feature.reverse,pass,on-time firing within tolerance and confidence floor,Reverse,1100100,,exact,
honda.feature.idle-stop,pass,on-time firing within tolerance and confidence floor,[semantic]  Tap and hold.,533220,,semantic,0.6547
universal.feature.led_headlights,pass,on-time firing within tolerance and confidence floor,LED lights,1328760,,exact,
workflow.self_introduction,pass,on-time firing within tolerance and confidence floor,welcome to,0,,exact,
workflow.interior_focus,pass,on-time firing within tolerance and confidence floor,inside,12300,,exact,
workflow.exterior_focus,pass,on-time firing within tolerance and confidence floor,on the outside,184440,,exact,
universal.feature.heated_steering_wheel,pass,on-time firing within tolerance and confidence floor,heated steering,1281060,,exact,
universal.feature.wireless_apple_carplay,pass,on-time firing within tolerance and confidence floor,Apple CarPlay,1389480,,exact,
universal.feature.wireless_android_auto,fail,cue did not fire,,,,,
workflow.trial_close,pass,on-time firing within tolerance and confidence floor,feels right,1643760,,exact,
workflow.exterior_focus,pass,on-time firing within tolerance and confidence floor,exterior,24480,,exact,
universal.feature.led_headlights,pass,on-time firing within tolerance and confidence floor,LED headlights,35400,,exact,
honda.feature.roof-rails,pass,on-time firing within tolerance and confidence floor,Roof Rails,44940,,exact,
workflow.interior_focus,pass,on-time firing within tolerance and confidence floor,inside,61620,,exact,
universal.feature.wireless_apple_carplay,pass,on-time firing within tolerance and confidence floor,wireless Apple CarPlay,74160,,exact,
universal.feature.wireless_android_auto,pass,on-time firing within tolerance and confidence floor,Android Auto,74160,,exact,
universal.feature.head_up_display,pass,on-time firing within tolerance and confidence floor,HUD,170640,,exact,
honda.feature.honda_sensing,pass,on-time firing within tolerance and confidence floor,Honda Sensing,170640,,exact,
universal.feature.ventilated_front_seats,pass,on-time firing within tolerance and confidence floor,ventilated seats,188280,,exact,
universal.feature.panoramic_moonroof,pass,on-time firing within tolerance and confidence floor,panoramic sunroof,188280,,exact,
workflow.exterior_focus,pass,on-time firing within tolerance and confidence floor,exterior,18540,,exact,
universal.feature.led_headlights,pass,on-time firing within tolerance and confidence floor,LEDs,55800,,exact,
universal.feature.panoramic_moonroof,pass,on-time firing within tolerance and confidence floor,moon roof,87000,,exact,
workflow.discovery_towing_cargo,pass,on-time firing within tolerance and confidence floor,cargo space,129180,,exact,
workflow.interior_focus,pass,on-time firing within tolerance and confidence floor,hop in,243360,,exact,
honda.feature.paddle-shifters,pass,on-time firing within tolerance and confidence floor,Paddle Shifters,289020,,exact,
universal.feature.wireless_apple_carplay,pass,on-time firing within tolerance and confidence floor,Apple CarPlay,297300,,exact,
universal.feature.wireless_android_auto,pass,on-time firing within tolerance and confidence floor,Android Auto,297300,,exact,
honda.feature.reverse,pass,on-time firing within tolerance and confidence floor,Reverse,330840,,exact,
workflow.discovery_towing_cargo,pass,on-time firing within tolerance and confidence floor,cargo space,135720,,exact,
workflow.interior_focus,pass,on-time firing within tolerance and confidence floor,inside,146220,,exact,
universal.feature.wireless_apple_carplay,fail,cue did not fire,,,,,
universal.feature.wireless_android_auto,pass,on-time firing within tolerance and confidence floor,Android Auto,160380,,exact,
universal.feature.ventilated_front_seats,pass,on-time firing within tolerance and confidence floor,ventilated seats,176880,,exact,
honda.feature.bose_premium_audio_honda,fail,cue did not fire,,,,,
honda.feature.honda_sensing,pass,on-time firing within tolerance and confidence floor,Sensing,191040,,exact,
workflow.discovery_budget_signal,pass,on-time firing within tolerance and confidence floor,budget,224340,,exact,
honda.feature.front-wheel-drive,pass,on-time firing within tolerance and confidence floor,Front-Wheel Drive,21720,,exact,
universal.feature.panoramic_moonroof,pass,on-time firing within tolerance and confidence floor,panoramic moonroof,79680,,exact,
workflow.exterior_focus,pass,on-time firing within tolerance and confidence floor,the rear,179940,,exact,
honda.feature.reverse,pass,on-time firing within tolerance and confidence floor,Reverse,231600,,exact,
workflow.interior_focus,pass,on-time firing within tolerance and confidence floor,the touchscreen,259560,,exact,
workflow.self_introduction,pass,on-time firing within tolerance and confidence floor,welcome to,12000,,exact,
workflow.exterior_focus,pass,on-time firing within tolerance and confidence floor,exterior,135540,,exact,
universal.feature.hands_free_power_tailgate,pass,on-time firing within tolerance and confidence floor,power liftgate,300840,,exact,
universal.feature.led_headlights,pass,on-time firing within tolerance and confidence floor,LED lights,371700,,exact,
workflow.discovery_towing_cargo,pass,on-time firing within tolerance and confidence floor,cargo space,503700,,exact,
workflow.interior_focus,pass,on-time firing within tolerance and confidence floor,inside,627060,,exact,
workflow.front_line_ready,pass,on-time firing within tolerance and confidence floor,full tank,855180,,exact,
workflow.interior_focus,pass,on-time firing within tolerance and confidence floor,inside,627060,,exact,
universal.feature.wireless_apple_carplay,pass,on-time firing within tolerance and confidence floor,wireless Apple CarPlay,1148520,,exact,
universal.feature.wireless_android_auto,pass,on-time firing within tolerance and confidence floor,wireless Android Auto,1148520,,exact,
universal.feature.heated_front_seats,pass,on-time firing within tolerance and confidence floor,heated seats,1221360,,exact,
honda.feature.heated-side-mirrors,pass,on-time firing within tolerance and confidence floor,"[semantic]  We got body colored handles, chrome action around the windo",150660,,semantic,0.7744
honda.feature.reverse,pass,on-time firing within tolerance and confidence floor,Reverse,1301700,,exact,
honda.feature.idle-stop,pass,on-time firing within tolerance and confidence floor,[semantic]  Goes LXEXEXL.,29760,,semantic,0.6542
universal.feature.led_headlights,pass,on-time firing within tolerance and confidence floor,LED lights,371700,,exact,
universal.feature.panoramic_moonroof,fail,cue did not fire,,,,,
honda.feature.honda_sensing,pass,on-time firing within tolerance and confidence floor,Honda Sensing,704400,,exact,
workflow.exterior_focus,pass,on-time firing within tolerance and confidence floor,exterior,100320,,exact,
universal.feature.panoramic_moonroof,pass,on-time firing within tolerance and confidence floor,moonroof,2262120,,exact,
workflow.discovery_towing_cargo,pass,on-time firing within tolerance and confidence floor,cargo space,335940,,exact,
workflow.interior_focus,pass,on-time firing within tolerance and confidence floor,inside,631500,,exact,
workflow.front_line_ready,pass,on-time firing within tolerance and confidence floor,full tank,938580,,exact,
honda.feature.honda_sensing,pass,on-time firing within tolerance and confidence floor,Honda Sensing,704400,,exact,
honda.feature.paddle-shifters,pass,on-time firing within tolerance and confidence floor,"[semantic]  Pedals to get you to A to B, stop and go.",562740,,semantic,0.6578
universal.feature.wireless_apple_carplay,pass,on-time firing within tolerance and confidence floor,Apple CarPlay,1075620,,exact,
universal.feature.wireless_android_auto,pass,on-time firing within tolerance and confidence floor,Android Auto,1075620,,exact,
workflow.trade_in_dent,fail,cue did not fire,,,,,
workflow.exterior_focus,pass,on-time firing within tolerance and confidence floor,exterior,100320,,exact,
workflow.interior_focus,pass,on-time firing within tolerance and confidence floor,inside,631500,,exact,
universal.feature.wireless_apple_carplay,pass,on-time firing within tolerance and confidence floor,Apple CarPlay,1075620,,exact,
universal.feature.wireless_android_auto,pass,on-time firing within tolerance and confidence floor,Android Auto,1075620,,exact,
honda.feature.hondalink,pass,on-time firing within tolerance and confidence floor,Honda Link,1737840,,exact,
universal.feature.heated_front_seats,pass,on-time firing within tolerance and confidence floor,heated seats,1816680,,exact,
universal.feature.wireless_phone_charger,pass,on-time firing within tolerance and confidence floor,wireless phone charger,1882860,,exact,
honda.feature.reverse,pass,on-time firing within tolerance and confidence floor,Reverse,1912680,,exact,
universal.feature.panoramic_moonroof,pass,on-time firing within tolerance and confidence floor,moonroof,2262120,,exact,
workflow.exterior_focus,pass,on-time firing within tolerance and confidence floor,on the outside,14400,,exact,
workflow.self_introduction,pass,on-time firing within tolerance and confidence floor,welcome to,20400,,exact,
universal.feature.led_headlights,pass,on-time firing within tolerance and confidence floor,LED lights,80100,,exact,
workflow.test_drive_opening,pass,on-time firing within tolerance and confidence floor,take it out,260640,,exact,
workflow.interior_focus,pass,on-time firing within tolerance and confidence floor,inside,349380,,exact,
workflow.front_line_ready,pass,on-time firing within tolerance and confidence floor,full tank,578760,,exact,
universal.feature.wireless_apple_carplay,pass,on-time firing within tolerance and confidence floor,Apple CarPlay,862320,,exact,
universal.feature.wireless_android_auto,fail,cue did not fire,,,,,
honda.feature.reverse,pass,on-time firing within tolerance and confidence floor,Reverse,938700,,exact,
honda.feature.idle-stop,pass,on-time firing within tolerance and confidence floor,"[semantic]  Turns off your vehicle, stability, sis, or your attraction ",371760,,semantic,0.6593
workflow.walkaround_opening,pass,on-time firing within tolerance and confidence floor,"[semantic]  If you guys are new to the channel,",6060,,semantic,0.6881
universal.feature.led_headlights,pass,on-time firing within tolerance and confidence floor,"[semantic]  And even something as small as, like, the trim up here, rig",184440,,semantic,0.6571
honda.feature.honda_sensing_360plus,pass,on-time firing within tolerance and confidence floor,"[semantic]  Now, this does have the Honda sensing tech, which includes ",66660,,semantic,0.7079
honda.feature.honda_sensing,pass,on-time firing within tolerance and confidence floor,Honda Sensing,66660,,exact,
universal.feature.wireless_apple_carplay,pass,on-time firing within tolerance and confidence floor,Apple CarPlay,848940,,exact,
workflow.interior_focus,pass,on-time firing within tolerance and confidence floor,inside,327540,,exact,
universal.feature.ventilated_front_seats,pass,on-time firing within tolerance and confidence floor,"[semantic]  As for the front seats, now, these are a little bit differe",540300,,semantic,0.6886
universal.feature.heated_front_seats,pass,on-time firing within tolerance and confidence floor,"[semantic]  As for the front seats, now, these are a little bit differe",540300,,semantic,0.6854
universal.feature.hands_free_power_tailgate,pass,on-time firing within tolerance and confidence floor,[semantic]  So the bumper area.,297240,,semantic,0.6524
universal.feature.panoramic_moonroof,pass,on-time firing within tolerance and confidence floor,sunroof,206460,,exact,
honda.feature.bose_premium_audio_honda,fail,cue did not fire,,,,,
honda.feature.real_time_awd,fail,cue did not fire,,,,,
workflow.exterior_focus,pass,on-time firing within tolerance and confidence floor,exterior,29580,,exact,
universal.feature.head_up_display,fail,cue did not fire,,,,,
