cue_id,outcome,reason,matched_phrase,detection_timestamp_ms,confidence
workflow.self_introduction,pass,on-time firing within tolerance and confidence floor,welcome to,20340,
honda.feature.honda_sensing,pass,on-time firing within tolerance and confidence floor,Honda Sensing,108540,
universal.feature.led_headlights,pass,on-time firing within tolerance and confidence floor,LED lights,1328760,
workflow.exterior_focus,pass,on-time firing within tolerance and confidence floor,exterior,146160,
workflow.interior_focus,pass,on-time firing within tolerance and confidence floor,inside,501780,
workflow.buyers_order_confirmation,pass,on-time firing within tolerance and confidence floor,we're good to go,521700,
honda.feature.honda_sensing,pass,on-time firing within tolerance and confidence floor,Honda Sensing,108540,
honda.feature.paddle-shifters,pass,on-time firing within tolerance and confidence floor,Paddle Shifters,676320,
workflow.front_line_ready,pass,on-time firing within tolerance and confidence floor,full tank,735420,
workflow.interior_focus,pass,on-time firing within tolerance and confidence floor,inside,501780,
universal.feature.wireless_apple_carplay,pass,on-time firing within tolerance and confidence floor,Apple CarPlay,1034640,
universal.feature.wireless_android_auto,fail,cue did not fire,,,
honda.feature.reverse,pass,on-time firing within tolerance and confidence floor,Reverse,1100100,
honda.feature.idle-stop,fail,cue did not fire,,,
universal.feature.led_headlights,pass,on-time firing within tolerance and confidence floor,LED lights,1328760,
workflow.self_introduction,pass,on-time firing within tolerance and confidence floor,welcome to,0,
workflow.interior_focus,pass,on-time firing within tolerance and confidence floor,inside,12300,
workflow.exterior_focus,pass,on-time firing within tolerance and confidence floor,on the outside,184440,
universal.feature.heated_steering_wheel,pass,on-time firing within tolerance and confidence floor,heated steering,1281060,
universal.feature.wireless_apple_carplay,pass,on-time firing within tolerance and confidence floor,Apple CarPlay,1389480,
universal.feature.wireless_android_auto,fail,cue did not fire,,,
workflow.trial_close,pass,on-time firing within tolerance and confidence floor,feels right,1643760,
workflow.exterior_focus,pass,on-time firing within tolerance and confidence floor,exterior,24480,
universal.feature.led_headlights,pass,on-time firing within tolerance and confidence floor,LED headlights,35400,
honda.feature.roof-rails,pass,on-time firing within tolerance and confidence floor,Roof Rails,44940,
workflow.interior_focus,pass,on-time firing within tolerance and confidence floor,inside,61620,
universal.feature.wireless_apple_carplay,pass,on-time firing within tolerance and confidence floor,wireless Apple CarPlay,74160,
universal.feature.wireless_android_auto,pass,on-time firing within tolerance and confidence floor,Android Auto,74160,
universal.feature.head_up_display,pass,on-time firing within tolerance and confidence floor,HUD,170640,
honda.feature.honda_sensing,pass,on-time firing within tolerance and confidence floor,Honda Sensing,170640,
universal.feature.ventilated_front_seats,pass,on-time firing within tolerance and confidence floor,ventilated seats,188280,
universal.feature.panoramic_moonroof,pass,on-time firing within tolerance and confidence floor,panoramic sunroof,188280,
workflow.exterior_focus,pass,on-time firing within tolerance and confidence floor,exterior,18540,
universal.feature.led_headlights,pass,on-time firing within tolerance and confidence floor,LEDs,55800,
universal.feature.panoramic_moonroof,pass,on-time firing within tolerance and confidence floor,moon roof,87000,
workflow.discovery_towing_cargo,pass,on-time firing within tolerance and confidence floor,cargo space,129180,
workflow.interior_focus,pass,on-time firing within tolerance and confidence floor,hop in,243360,
honda.feature.paddle-shifters,pass,on-time firing within tolerance and confidence floor,Paddle Shifters,289020,
universal.feature.wireless_apple_carplay,pass,on-time firing within tolerance and confidence floor,Apple CarPlay,297300,
universal.feature.wireless_android_auto,pass,on-time firing within tolerance and confidence floor,Android Auto,297300,
honda.feature.reverse,pass,on-time firing within tolerance and confidence floor,Reverse,330840,
workflow.discovery_towing_cargo,pass,on-time firing within tolerance and confidence floor,cargo space,135720,
workflow.interior_focus,pass,on-time firing within tolerance and confidence floor,inside,146220,
universal.feature.wireless_apple_carplay,fail,cue did not fire,,,
universal.feature.wireless_android_auto,pass,on-time firing within tolerance and confidence floor,Android Auto,160380,
universal.feature.ventilated_front_seats,pass,on-time firing within tolerance and confidence floor,ventilated seats,176880,
honda.feature.bose_premium_audio_honda,fail,cue did not fire,,,
honda.feature.honda_sensing,pass,on-time firing within tolerance and confidence floor,Sensing,191040,
workflow.discovery_budget_signal,pass,on-time firing within tolerance and confidence floor,budget,224340,
honda.feature.front-wheel-drive,pass,on-time firing within tolerance and confidence floor,Front-Wheel Drive,21720,
universal.feature.panoramic_moonroof,pass,on-time firing within tolerance and confidence floor,panoramic moonroof,79680,
workflow.exterior_focus,pass,on-time firing within tolerance and confidence floor,the rear,179940,
honda.feature.reverse,pass,on-time firing within tolerance and confidence floor,Reverse,231600,
workflow.interior_focus,pass,on-time firing within tolerance and confidence floor,the touchscreen,259560,
workflow.self_introduction,pass,on-time firing within tolerance and confidence floor,welcome to,12000,
workflow.exterior_focus,pass,on-time firing within tolerance and confidence floor,exterior,135540,
universal.feature.hands_free_power_tailgate,pass,on-time firing within tolerance and confidence floor,power liftgate,300840,
universal.feature.led_headlights,pass,on-time firing within tolerance and confidence floor,LED lights,371700,
workflow.discovery_towing_cargo,pass,on-time firing within tolerance and confidence floor,cargo space,503700,
workflow.interior_focus,pass,on-time firing within tolerance and confidence floor,inside,627060,
workflow.front_line_ready,pass,on-time firing within tolerance and confidence floor,full tank,855180,
workflow.interior_focus,pass,on-time firing within tolerance and confidence floor,inside,627060,
universal.feature.wireless_apple_carplay,pass,on-time firing within tolerance and confidence floor,wireless Apple CarPlay,1148520,
universal.feature.wireless_android_auto,pass,on-time firing within tolerance and confidence floor,wireless Android Auto,1148520,
universal.feature.heated_front_seats,pass,on-time firing within tolerance and confidence floor,heated seats,1221360,
honda.feature.heated-side-mirrors,fail,cue did not fire,,,
honda.feature.reverse,pass,on-time firing within tolerance and confidence floor,Reverse,1301700,
honda.feature.idle-stop,fail,cue did not fire,,,
universal.feature.led_headlights,pass,on-time firing within tolerance and confidence floor,LED lights,371700,
universal.feature.panoramic_moonroof,fail,cue did not fire,,,
honda.feature.honda_sensing,pass,on-time firing within tolerance and confidence floor,Honda Sensing,704400,
workflow.exterior_focus,pass,on-time firing within tolerance and confidence floor,exterior,100320,
universal.feature.panoramic_moonroof,pass,on-time firing within tolerance and confidence floor,moonroof,2262120,
workflow.discovery_towing_cargo,pass,on-time firing within tolerance and confidence floor,cargo space,335940,
workflow.interior_focus,pass,on-time firing within tolerance and confidence floor,inside,631500,
workflow.front_line_ready,pass,on-time firing within tolerance and confidence floor,full tank,938580,
honda.feature.honda_sensing,pass,on-time firing within tolerance and confidence floor,Honda Sensing,704400,
honda.feature.paddle-shifters,fail,cue did not fire,,,
universal.feature.wireless_apple_carplay,pass,on-time firing within tolerance and confidence floor,Apple CarPlay,1075620,
universal.feature.wireless_android_auto,pass,on-time firing within tolerance and confidence floor,Android Auto,1075620,
workflow.trade_in_dent,fail,cue did not fire,,,
workflow.exterior_focus,pass,on-time firing within tolerance and confidence floor,exterior,100320,
workflow.interior_focus,pass,on-time firing within tolerance and confidence floor,inside,631500,
universal.feature.wireless_apple_carplay,pass,on-time firing within tolerance and confidence floor,Apple CarPlay,1075620,
universal.feature.wireless_android_auto,pass,on-time firing within tolerance and confidence floor,Android Auto,1075620,
honda.feature.hondalink,pass,on-time firing within tolerance and confidence floor,Honda Link,1737840,
universal.feature.heated_front_seats,pass,on-time firing within tolerance and confidence floor,heated seats,1816680,
universal.feature.wireless_phone_charger,pass,on-time firing within tolerance and confidence floor,wireless phone charger,1882860,
honda.feature.reverse,pass,on-time firing within tolerance and confidence floor,Reverse,1912680,
universal.feature.panoramic_moonroof,pass,on-time firing within tolerance and confidence floor,moonroof,2262120,
workflow.exterior_focus,pass,on-time firing within tolerance and confidence floor,on the outside,14400,
workflow.self_introduction,pass,on-time firing within tolerance and confidence floor,welcome to,20400,
universal.feature.led_headlights,pass,on-time firing within tolerance and confidence floor,LED lights,80100,
workflow.test_drive_opening,pass,on-time firing within tolerance and confidence floor,take it out,260640,
workflow.interior_focus,pass,on-time firing within tolerance and confidence floor,inside,349380,
workflow.front_line_ready,pass,on-time firing within tolerance and confidence floor,full tank,578760,
universal.feature.wireless_apple_carplay,pass,on-time firing within tolerance and confidence floor,Apple CarPlay,862320,
universal.feature.wireless_android_auto,fail,cue did not fire,,,
honda.feature.reverse,pass,on-time firing within tolerance and confidence floor,Reverse,938700,
honda.feature.idle-stop,fail,cue did not fire,,,
workflow.walkaround_opening,fail,cue did not fire,,,
universal.feature.led_headlights,fail,cue did not fire,,,
honda.feature.honda_sensing_360plus,fail,cue did not fire,,,
honda.feature.honda_sensing,pass,on-time firing within tolerance and confidence floor,Honda Sensing,66660,
universal.feature.wireless_apple_carplay,pass,on-time firing within tolerance and confidence floor,Apple CarPlay,848940,
workflow.interior_focus,pass,on-time firing within tolerance and confidence floor,inside,327540,
universal.feature.ventilated_front_seats,fail,cue did not fire,,,
universal.feature.heated_front_seats,fail,cue did not fire,,,
universal.feature.hands_free_power_tailgate,fail,cue did not fire,,,
universal.feature.panoramic_moonroof,pass,on-time firing within tolerance and confidence floor,sunroof,206460,
honda.feature.bose_premium_audio_honda,fail,cue did not fire,,,
honda.feature.real_time_awd,fail,cue did not fire,,,
workflow.exterior_focus,pass,on-time firing within tolerance and confidence floor,exterior,29580,
universal.feature.head_up_display,fail,cue did not fire,,,
